Transaction_ID,Transaction_Type,Payment_Gateway,Transaction_City,Transaction_State,Transaction_Status,Device_OS,Transaction_Frequency,Merchant_Category,Transaction_Channel,Transaction_Amount_Deviation,Days_Since_Last_Transaction,amount,Prediction
N/A,5,6,78,4,0,1,1,0,0,25.02,5,396.62,ðŸš¨ Fraudulent
N/A,0,6,218,8,2,2,30,3,1,-36.64,20,121.94,ðŸš¨ Fraudulent
N/A,0,5,189,8,1,0,2,9,2,44.19,22,106.69,ðŸš¨ Fraudulent
N/A,6,8,37,4,1,0,0,7,2,-54.34,28,3611.11,ðŸš¨ Fraudulent
N/A,2,3,225,16,0,1,1,6,2,12.38,25,374.89,ðŸš¨ Fraudulent
N/A,4,6,45,2,0,3,20,5,1,-21.99,7,186.83,ðŸš¨ Fraudulent
N/A,3,6,50,0,1,2,0,2,2,59.58,14,78.51,ðŸš¨ Fraudulent
N/A,3,0,18,2,0,0,3,5,2,36.24,11,472.17,ðŸš¨ Fraudulent
N/A,6,7,128,27,0,2,2,4,0,-14.65,5,84.65,ðŸš¨ Fraudulent
N/A,0,8,15,5,1,3,1,4,2,12.83,18,238.36,ðŸš¨ Fraudulent
N/A,6,1,46,24,2,0,3,8,1,-32.66,6,340.67,ðŸš¨ Fraudulent
N/A,4,0,153,1,0,3,0,8,1,22.62,6,22.43,âœ… Legitimate
N/A,2,2,200,2,1,2,0,0,0,17.48,5,266.0,ðŸš¨ Fraudulent
N/A,0,8,246,20,0,2,1,4,2,41.67,11,272.16,ðŸš¨ Fraudulent
N/A,0,2,203,4,1,0,1,9,0,-4.84,15,255.63,ðŸš¨ Fraudulent
N/A,3,8,189,6,0,1,0,4,0,10.91,24,620.64,ðŸš¨ Fraudulent
N/A,6,3,244,22,0,1,4,9,1,12.27,13,904.45,ðŸš¨ Fraudulent
N/A,5,3,161,17,2,2,1,8,1,-29.53,14,265.33,ðŸš¨ Fraudulent
N/A,1,0,25,16,2,1,0,3,1,57.79,7,186.8,ðŸš¨ Fraudulent
N/A,6,0,278,11,2,2,2,1,1,21.73,23,167.27,ðŸš¨ Fraudulent
N/A,2,4,81,21,1,0,2,1,0,71.44,2,663.53,ðŸš¨ Fraudulent
N/A,3,4,14,14,0,0,20,3,0,48.54,17,262.63,ðŸš¨ Fraudulent
N/A,5,5,213,4,1,1,20,6,1,79.88,23,490.84,ðŸš¨ Fraudulent
N/A,3,0,107,24,2,2,10,2,1,85.52,3,703.95,ðŸš¨ Fraudulent
N/A,2,4,145,6,2,3,3,4,1,52.2,29,83.07,ðŸš¨ Fraudulent
N/A,1,7,232,10,0,2,2,1,2,-3.43,7,644.15,ðŸš¨ Fraudulent
N/A,5,1,61,22,0,2,0,3,1,-93.81,28,388.51,ðŸš¨ Fraudulent
N/A,2,4,56,16,2,0,2,0,0,91.76,16,217.52,ðŸš¨ Fraudulent
N/A,6,5,49,7,0,3,4,5,1,52.24,7,259.75,ðŸš¨ Fraudulent
N/A,6,1,124,1,2,3,30,8,0,39.2,7,278.32,ðŸš¨ Fraudulent
N/A,5,3,211,8,2,0,0,5,1,0.92,27,177.99,ðŸš¨ Fraudulent
N/A,6,4,169,15,1,0,3,9,1,13.72,9,728.96,ðŸš¨ Fraudulent
N/A,1,6,164,6,1,0,0,4,2,26.66,18,830.57,ðŸš¨ Fraudulent
N/A,3,5,229,13,2,2,2,4,2,54.27,26,399.81,ðŸš¨ Fraudulent
N/A,6,5,257,23,0,2,0,2,0,-66.91,7,278.2,ðŸš¨ Fraudulent
N/A,3,6,234,0,0,0,1,0,0,-5.65,14,458.52,ðŸš¨ Fraudulent
N/A,0,2,187,8,2,2,3,9,0,-44.2,8,134.91,ðŸš¨ Fraudulent
N/A,0,7,191,26,1,1,2,9,2,-59.44,17,112.06,ðŸš¨ Fraudulent
N/A,4,7,219,14,0,1,0,8,0,14.18,6,109.52,ðŸš¨ Fraudulent
N/A,3,8,221,18,2,3,40,5,1,25.79,11,242.5,ðŸš¨ Fraudulent
N/A,2,6,91,25,2,2,30,0,0,-68.58,11,231.33,ðŸš¨ Fraudulent
N/A,1,6,72,3,1,1,3,1,2,-47.85,4,50.17,ðŸš¨ Fraudulent
N/A,0,7,4,6,1,2,4,3,0,-43.63,6,321.61,ðŸš¨ Fraudulent
N/A,5,5,152,13,2,0,4,4,2,-63.97,27,291.98,ðŸš¨ Fraudulent
N/A,5,7,183,20,1,2,3,2,1,-64.3,27,42.08,ðŸš¨ Fraudulent
N/A,5,7,166,21,2,3,2,7,0,-84.17,9,196.12,ðŸš¨ Fraudulent
N/A,6,6,233,5,1,0,8,0,2,-53.74,26,503.68,ðŸš¨ Fraudulent
N/A,6,6,277,18,1,3,3,5,0,-31.84,14,127.28,ðŸš¨ Fraudulent
N/A,0,6,179,13,1,2,10,3,1,74.42,2,378.11,ðŸš¨ Fraudulent
N/A,6,5,272,27,0,2,4,3,1,-10.54,21,672.44,ðŸš¨ Fraudulent
N/A,5,8,123,9,0,1,0,7,1,68.54,11,386.87,ðŸš¨ Fraudulent
N/A,3,8,250,13,2,1,2,1,0,87.96,4,10.99,ðŸš¨ Fraudulent
N/A,1,3,141,5,1,1,1,7,1,99.28,28,466.47,ðŸš¨ Fraudulent
N/A,3,2,33,21,2,3,10,6,1,67.43,20,314.96,ðŸš¨ Fraudulent
N/A,5,0,190,19,1,2,1,2,2,-90.71,14,241.47,ðŸš¨ Fraudulent
N/A,2,4,191,16,0,2,0,4,0,-6.8,8,396.92,ðŸš¨ Fraudulent
N/A,5,0,30,17,2,0,1,0,1,96.6,13,265.75,ðŸš¨ Fraudulent
N/A,2,3,238,3,1,2,2,4,0,35.17,9,299.42,ðŸš¨ Fraudulent
N/A,1,8,24,4,0,0,2,0,0,-26.45,29,66.6,ðŸš¨ Fraudulent
N/A,3,8,70,4,1,2,3,6,0,-86.31,9,907.57,ðŸš¨ Fraudulent
N/A,1,2,29,13,0,0,1,2,0,-89.68,16,398.57,ðŸš¨ Fraudulent
N/A,3,2,123,11,2,0,1,5,1,-41.2,26,189.22,ðŸš¨ Fraudulent
N/A,4,6,61,16,2,2,1,9,0,98.0,9,142.86,ðŸš¨ Fraudulent
N/A,1,2,246,10,0,3,4,5,2,-23.87,5,329.89,ðŸš¨ Fraudulent
N/A,3,6,214,26,1,0,0,9,2,-27.63,24,442.9,ðŸš¨ Fraudulent
N/A,6,1,130,3,1,2,5,5,2,-43.47,24,239.62,ðŸš¨ Fraudulent
N/A,6,1,147,4,0,1,0,2,0,-60.43,21,284.46,ðŸš¨ Fraudulent
N/A,1,1,38,12,0,0,3,0,1,54.53,5,430.29,ðŸš¨ Fraudulent
N/A,4,1,171,19,2,0,1,8,1,98.72,24,769.16,ðŸš¨ Fraudulent
N/A,4,1,152,0,0,3,1,8,0,46.54,25,157.03,ðŸš¨ Fraudulent
N/A,6,2,13,8,0,0,2,4,2,-31.33,14,102.64,ðŸš¨ Fraudulent
N/A,2,3,198,25,1,0,2,9,1,-59.67,24,614.25,ðŸš¨ Fraudulent
N/A,2,2,105,1,1,3,2,0,2,58.63,2,261.99,ðŸš¨ Fraudulent
N/A,0,0,21,3,0,0,1,2,2,-46.28,21,555.92,ðŸš¨ Fraudulent
N/A,0,3,62,22,2,1,1,7,0,-23.22,17,324.95,ðŸš¨ Fraudulent
N/A,5,2,24,23,2,1,10,5,0,75.1,11,226.78,ðŸš¨ Fraudulent
N/A,2,0,71,14,2,0,1,6,1,45.53,26,334.25,ðŸš¨ Fraudulent
N/A,5,7,147,19,1,3,1,1,2,-78.37,20,204.31,ðŸš¨ Fraudulent
N/A,0,2,207,9,2,2,3,0,0,40.99,29,67.21,ðŸš¨ Fraudulent
N/A,3,4,134,2,2,0,2,5,0,96.36,24,222.26,ðŸš¨ Fraudulent
N/A,0,1,30,16,1,0,0,9,1,-66.0,17,592.91,ðŸš¨ Fraudulent
N/A,2,5,153,10,1,3,40,5,0,98.01,27,301.7,ðŸš¨ Fraudulent
N/A,4,7,103,20,0,1,0,9,2,73.99,22,61.61,ðŸš¨ Fraudulent
N/A,4,7,254,15,0,2,1,0,2,-66.89,7,563.2,ðŸš¨ Fraudulent
N/A,1,5,1,18,2,2,1,2,0,-59.76,18,124.41,ðŸš¨ Fraudulent
N/A,5,6,155,19,1,0,0,1,0,-97.77,9,2668.66,ðŸš¨ Fraudulent
N/A,2,1,69,22,0,3,2,3,1,39.23,19,3.77,ðŸš¨ Fraudulent
N/A,0,3,3,12,2,0,1,0,0,-43.55,3,274.14,ðŸš¨ Fraudulent
N/A,4,1,22,1,1,3,4,1,0,-4.98,7,194.89,ðŸš¨ Fraudulent
N/A,0,3,10,0,0,0,0,6,0,-39.18,19,22.58,ðŸš¨ Fraudulent
N/A,4,1,266,21,0,3,4,4,1,50.19,21,30.04,ðŸš¨ Fraudulent
N/A,2,8,95,25,1,0,5,4,1,97.26,19,667.09,ðŸš¨ Fraudulent
N/A,0,3,154,3,0,0,2,9,1,52.34,20,514.2,ðŸš¨ Fraudulent
N/A,3,8,10,24,1,1,2,2,0,11.09,29,871.01,ðŸš¨ Fraudulent
N/A,6,0,91,15,0,2,2,9,0,48.62,19,238.14,ðŸš¨ Fraudulent
N/A,3,1,64,15,1,0,2,8,2,-75.65,13,283.87,ðŸš¨ Fraudulent
N/A,0,0,44,5,0,0,1,2,0,17.38,26,697.85,ðŸš¨ Fraudulent
N/A,0,7,65,14,0,2,2,4,0,-96.42,19,256.37,ðŸš¨ Fraudulent
N/A,5,5,74,26,0,0,1,4,1,24.65,10,325.01,ðŸš¨ Fraudulent
N/A,1,4,51,4,0,2,1,2,2,35.77,17,232.85,ðŸš¨ Fraudulent
N/A,0,2,162,24,0,3,1,6,0,-35.39,25,149.11,ðŸš¨ Fraudulent
N/A,4,4,271,11,1,3,2,8,2,-80.42,7,215.28,ðŸš¨ Fraudulent
N/A,2,7,177,14,1,1,2,0,2,-64.38,29,156.11,ðŸš¨ Fraudulent
N/A,5,8,266,14,2,0,0,6,1,-94.17,19,135.72,ðŸš¨ Fraudulent
N/A,6,5,24,27,1,2,0,2,0,5.55,19,1167.18,ðŸš¨ Fraudulent
N/A,1,5,216,22,0,2,5,6,2,-54.58,17,128.09,ðŸš¨ Fraudulent
N/A,5,5,156,8,2,1,1,3,1,43.81,10,171.67,ðŸš¨ Fraudulent
N/A,5,8,140,26,0,0,4,9,0,-3.24,4,29.68,ðŸš¨ Fraudulent
N/A,3,3,201,11,2,0,2,5,1,-6.05,26,260.51,ðŸš¨ Fraudulent
N/A,5,7,113,0,2,2,2,2,2,90.67,8,79.82,ðŸš¨ Fraudulent
N/A,6,0,261,11,1,2,1,1,0,-51.1,23,66.56,ðŸš¨ Fraudulent
N/A,0,1,159,14,0,3,3,5,1,-84.34,20,141.83,ðŸš¨ Fraudulent
N/A,2,0,176,3,1,0,1,0,1,85.18,18,294.98,ðŸš¨ Fraudulent
N/A,1,4,264,9,1,0,2,6,1,-43.16,15,116.03,ðŸš¨ Fraudulent
N/A,0,1,63,11,0,3,1,4,0,7.59,28,646.92,ðŸš¨ Fraudulent
N/A,6,5,167,11,0,1,2,8,2,-0.27,22,38.55,ðŸš¨ Fraudulent
N/A,1,7,118,24,2,0,1,1,0,-25.4,6,712.12,ðŸš¨ Fraudulent
N/A,0,8,177,24,0,1,2,7,1,-19.94,14,368.53,ðŸš¨ Fraudulent
N/A,3,4,259,3,0,1,2,9,1,-38.95,20,661.53,ðŸš¨ Fraudulent
N/A,4,1,254,0,2,2,2,2,2,20.05,18,97.49,ðŸš¨ Fraudulent
N/A,1,0,165,23,0,3,0,6,1,-57.71,18,578.0,ðŸš¨ Fraudulent
N/A,5,2,92,10,2,0,4,8,2,35.36,28,801.73,ðŸš¨ Fraudulent
N/A,5,8,49,7,1,2,50,4,1,13.22,29,384.11,ðŸš¨ Fraudulent
N/A,2,7,222,14,0,0,2,9,2,-89.95,9,201.7,ðŸš¨ Fraudulent
N/A,1,3,68,10,0,3,5,3,1,85.86,24,591.83,ðŸš¨ Fraudulent
N/A,2,0,212,18,1,3,3,8,1,-57.29,29,124.37,ðŸš¨ Fraudulent
N/A,1,7,261,5,0,1,20,9,0,-9.24,19,36.51,ðŸš¨ Fraudulent
N/A,0,0,149,14,2,1,1,8,1,3.58,23,498.38,ðŸš¨ Fraudulent
N/A,4,7,224,1,2,3,0,6,1,87.59,7,223.42,ðŸš¨ Fraudulent
N/A,2,8,179,18,1,3,1,1,2,64.71,1,331.56,ðŸš¨ Fraudulent
N/A,6,2,224,21,2,0,0,1,1,56.78,7,247.56,ðŸš¨ Fraudulent
N/A,0,6,252,27,1,1,2,2,1,21.6,25,69.53,ðŸš¨ Fraudulent
N/A,0,5,60,20,2,3,1,1,2,-24.89,22,311.94,ðŸš¨ Fraudulent
N/A,3,2,68,11,0,0,2,4,2,78.44,25,415.19,ðŸš¨ Fraudulent
N/A,0,4,88,2,0,0,0,6,2,-86.1,6,50.83,ðŸš¨ Fraudulent
N/A,5,8,209,4,0,3,2,3,1,87.61,11,533.84,ðŸš¨ Fraudulent
N/A,6,6,174,3,1,3,2,8,2,53.08,21,303.99,ðŸš¨ Fraudulent
N/A,1,3,194,22,1,0,3,5,0,83.32,22,176.32,ðŸš¨ Fraudulent
N/A,0,1,73,9,2,1,2,6,0,-85.3,21,572.36,ðŸš¨ Fraudulent
N/A,1,8,214,2,2,1,2,5,1,-3.84,8,694.15,ðŸš¨ Fraudulent
N/A,3,2,258,20,2,2,40,3,1,20.4,18,361.28,ðŸš¨ Fraudulent
N/A,4,3,237,6,0,0,0,4,2,26.06,5,698.77,ðŸš¨ Fraudulent
N/A,2,5,227,4,0,0,4,0,2,5.57,3,105.73,ðŸš¨ Fraudulent
N/A,1,8,193,19,2,0,5,7,1,-76.38,22,413.44,ðŸš¨ Fraudulent
N/A,2,4,185,16,2,3,2,9,0,-94.38,17,305.38,ðŸš¨ Fraudulent
N/A,6,1,64,16,1,3,1,4,0,-72.26,27,2909.61,ðŸš¨ Fraudulent
N/A,2,3,247,25,0,1,2,6,0,-35.73,21,103.99,ðŸš¨ Fraudulent
N/A,2,5,52,18,1,3,2,5,1,-90.59,14,535.42,ðŸš¨ Fraudulent
N/A,4,4,119,11,1,3,5,2,1,87.25,10,41.98,ðŸš¨ Fraudulent
N/A,3,6,201,11,2,1,0,2,2,38.75,18,4883.62,ðŸš¨ Fraudulent
N/A,6,7,174,13,1,0,1,3,1,1.97,10,95.03,ðŸš¨ Fraudulent
N/A,6,5,232,25,1,2,1,5,2,94.99,17,339.76,ðŸš¨ Fraudulent
N/A,1,8,245,1,1,2,3,9,0,-80.25,6,112.55,ðŸš¨ Fraudulent
N/A,6,4,238,0,1,0,10,0,0,35.57,13,3999.35,ðŸš¨ Fraudulent
N/A,4,7,264,15,1,1,2,8,0,-12.59,22,5.69,âœ… Legitimate
N/A,1,3,262,2,0,1,2,7,1,36.06,26,32.21,âœ… Legitimate
N/A,0,7,14,9,2,2,6,0,2,-58.43,19,18.45,âœ… Legitimate
N/A,0,2,38,5,0,2,1,8,1,17.8,12,6.06,âœ… Legitimate
N/A,0,4,247,24,2,0,5,9,2,-24.8,4,64.88,âœ… Legitimate
N/A,0,0,268,7,0,1,2,2,0,0.49,18,52.33,âœ… Legitimate
N/A,0,4,2,17,2,0,1,3,0,90.03,26,9.88,âœ… Legitimate
N/A,0,3,47,12,1,0,1,9,2,75.5,17,7.51,âœ… Legitimate
N/A,3,1,247,2,2,1,0,8,2,73.07,8,90.97,âœ… Legitimate
N/A,1,8,82,0,1,2,3,3,0,-28.79,20,7.83,âœ… Legitimate
N/A,6,8,265,19,2,3,2,2,0,-17.95,18,17.96,âœ… Legitimate
N/A,2,0,86,12,1,2,2,9,0,-68.16,18,15.78,âœ… Legitimate
N/A,4,3,241,24,2,3,20,2,0,70.07,6,1.13,âœ… Legitimate
N/A,6,0,79,16,1,0,2,9,0,11.32,4,10.23,âœ… Legitimate
N/A,5,5,88,7,1,2,0,8,0,17.34,19,3.47,âœ… Legitimate
N/A,6,8,238,4,0,2,3,1,2,38.23,21,50.66,âœ… Legitimate
N/A,1,8,110,8,2,3,2,6,1,28.07,2,73.59,âœ… Legitimate
N/A,3,1,253,25,1,2,1,3,0,30.33,9,21.09,âœ… Legitimate
N/A,0,8,208,20,0,1,5,5,0,69.78,15,28.26,âœ… Legitimate
N/A,6,2,2,4,1,0,3,4,2,84.73,9,37.8,âœ… Legitimate
N/A,1,6,152,23,2,1,4,8,1,35.07,21,46.16,âœ… Legitimate
N/A,3,4,133,12,2,1,4,1,2,55.68,24,57.34,âœ… Legitimate
N/A,5,3,99,10,2,2,1,1,2,-6.89,9,12.03,âœ… Legitimate
N/A,1,8,12,22,1,1,4,9,2,20.96,11,30.53,âœ… Legitimate
N/A,4,1,214,11,2,3,5,2,1,25.55,28,13.9,âœ… Legitimate
N/A,2,8,80,9,0,2,0,3,1,-96.48,28,40.94,âœ… Legitimate
N/A,0,2,5,23,1,3,3,7,0,-33.31,29,9.63,âœ… Legitimate
N/A,0,7,159,1,2,2,1,8,2,66.74,28,45.38,âœ… Legitimate
N/A,5,7,267,11,1,1,2,4,0,-10.37,25,17.37,âœ… Legitimate
N/A,6,6,67,4,0,1,2,4,2,70.07,22,44.41,âœ… Legitimate
N/A,2,8,158,19,0,1,2,2,2,-43.11,7,65.14,âœ… Legitimate
N/A,6,8,84,13,0,0,2,2,0,28.16,7,4.02,âœ… Legitimate
N/A,5,8,252,11,2,3,2,9,2,52.12,15,0.27,âœ… Legitimate
N/A,6,7,32,6,0,2,4,7,2,22.34,22,3.95,âœ… Legitimate
N/A,5,2,164,5,1,0,2,0,2,43.48,27,3.02,âœ… Legitimate
N/A,3,3,83,8,0,3,2,1,2,37.33,8,29.83,âœ… Legitimate
N/A,5,6,108,14,2,2,2,3,0,-60.34,5,43.63,âœ… Legitimate
N/A,5,1,262,2,2,1,3,0,1,-76.78,22,28.61,âœ… Legitimate
N/A,6,7,111,15,0,0,1,5,1,4.7,13,21.05,âœ… Legitimate
N/A,4,8,146,26,2,3,0,6,0,82.42,16,10.3,âœ… Legitimate
N/A,6,5,119,20,2,1,0,6,0,7.07,22,15.23,âœ… Legitimate
N/A,0,4,172,14,0,2,1,5,0,88.61,6,1.16,âœ… Legitimate
N/A,4,4,141,27,2,3,20,6,2,-3.89,21,23.98,âœ… Legitimate
N/A,4,7,183,19,2,0,2,0,0,60.89,12,2.67,âœ… Legitimate
N/A,5,0,111,12,0,2,5,8,0,73.44,7,16.45,âœ… Legitimate
N/A,1,1,147,17,1,3,2,5,1,70.83,29,248.42,âœ… Legitimate
N/A,1,3,249,16,0,2,3,2,0,-82.99,6,13.6,âœ… Legitimate
N/A,2,2,161,25,2,1,3,5,0,76.47,25,16.73,âœ… Legitimate
N/A,2,6,17,8,0,0,0,5,0,-27.01,10,45.92,âœ… Legitimate
N/A,3,5,104,22,0,2,2,5,1,43.49,21,28.89,âœ… Legitimate
N/A,1,6,160,20,0,3,20,9,0,39.3,18,55.19,âœ… Legitimate
N/A,6,0,223,21,2,3,2,3,1,73.88,26,73.96,âœ… Legitimate
N/A,5,6,268,16,1,1,0,9,0,61.23,14,37.36,âœ… Legitimate
N/A,6,7,260,6,1,2,1,6,0,35.49,5,29.52,âœ… Legitimate
N/A,4,0,118,25,1,2,2,4,1,-79.49,9,42.23,âœ… Legitimate
N/A,4,4,240,6,1,2,2,2,2,51.92,1,6.51,âœ… Legitimate
N/A,2,0,154,5,1,2,3,3,2,61.69,9,11.35,âœ… Legitimate
N/A,6,0,169,16,0,0,1,6,0,-0.4,18,59.75,âœ… Legitimate
N/A,2,3,271,0,2,2,2,6,0,-85.46,1,23.65,âœ… Legitimate
N/A,2,4,119,0,0,0,5,4,2,37.53,15,46.67,âœ… Legitimate
N/A,3,7,144,5,2,1,1,8,1,33.75,14,1.09,âœ… Legitimate
N/A,6,0,216,6,1,1,2,2,2,55.4,13,13.5,âœ… Legitimate
N/A,6,7,186,2,2,0,10,6,2,-74.05,21,51.66,âœ… Legitimate
N/A,1,4,246,11,2,0,2,7,2,81.01,10,63.8,âœ… Legitimate
N/A,4,8,113,13,1,0,40,8,0,88.89,25,51.51,âœ… Legitimate
N/A,0,5,120,26,1,3,1,7,0,92.0,26,50.63,âœ… Legitimate
N/A,0,8,171,18,0,2,2,4,0,-69.79,11,55.41,âœ… Legitimate
N/A,2,4,118,0,2,3,6,3,1,54.31,6,12.78,âœ… Legitimate
N/A,2,7,122,3,2,2,1,1,2,65.93,22,8.49,âœ… Legitimate
N/A,2,4,112,17,0,2,5,7,0,-42.2,1,19.94,âœ… Legitimate
N/A,5,8,223,4,0,3,3,1,0,55.86,25,45.17,âœ… Legitimate
N/A,2,2,215,25,1,2,3,5,2,-19.39,6,19.28,âœ… Legitimate
N/A,5,5,273,13,0,1,30,5,1,9.74,12,10.49,âœ… Legitimate
N/A,0,8,250,26,0,3,1,3,2,-98.18,12,48.05,âœ… Legitimate
N/A,5,4,35,22,2,3,4,6,2,25.2,1,33.12,âœ… Legitimate
N/A,5,6,270,2,2,0,0,4,1,48.25,19,11.54,âœ… Legitimate
N/A,6,6,38,8,2,2,0,0,1,2.44,11,11.81,âœ… Legitimate
N/A,1,1,98,27,1,0,1,9,2,-42.51,8,35.5,âœ… Legitimate
N/A,2,0,247,19,2,1,5,9,1,-3.68,17,31.37,âœ… Legitimate
N/A,2,8,125,8,2,1,3,1,0,-30.46,5,21.26,âœ… Legitimate
N/A,3,1,8,16,0,3,1,4,2,-41.44,26,29.31,âœ… Legitimate
N/A,3,6,67,2,0,3,5,0,1,2.13,20,63.48,âœ… Legitimate
N/A,2,3,97,17,2,1,0,4,1,55.12,3,16.33,âœ… Legitimate
N/A,3,2,83,10,2,2,0,2,0,-97.53,21,44.31,âœ… Legitimate
N/A,0,1,270,14,2,3,2,0,1,39.51,5,2144.86,âœ… Legitimate
N/A,6,8,27,14,0,2,2,7,2,-26.27,18,2.23,âœ… Legitimate
N/A,3,2,143,20,2,0,10,1,2,-13.12,18,40.09,âœ… Legitimate
N/A,4,3,130,2,0,2,2,5,0,-19.29,9,36.42,âœ… Legitimate
N/A,1,5,3,23,0,3,2,7,2,55.23,17,14.36,âœ… Legitimate
N/A,2,0,120,19,1,3,2,6,1,-67.97,25,26.05,âœ… Legitimate
N/A,1,3,5,8,0,1,1,7,0,-76.08,19,45.36,âœ… Legitimate
N/A,0,1,196,7,1,0,3,8,0,-16.33,29,45.49,âœ… Legitimate
N/A,4,6,158,18,1,0,2,4,1,83.14,24,43.86,âœ… Legitimate
N/A,6,0,224,11,0,2,2,2,2,-6.97,28,26.14,âœ… Legitimate
N/A,6,4,86,13,0,0,1,2,2,36.04,17,49.87,âœ… Legitimate
N/A,1,7,27,16,2,1,3,6,1,31.32,12,2.35,âœ… Legitimate
N/A,3,8,48,19,1,3,2,0,2,75.19,14,47.3,âœ… Legitimate
N/A,5,4,63,3,1,3,2,9,0,-61.19,11,46.25,âœ… Legitimate
N/A,4,8,188,17,2,2,5,3,1,-85.38,2,24.69,âœ… Legitimate
N/A,6,6,125,18,0,2,1,1,0,46.45,2,14.97,âœ… Legitimate
N/A,6,8,116,21,0,3,0,6,2,-92.17,16,6.81,âœ… Legitimate
N/A,5,1,170,20,2,0,1,5,2,-54.49,28,20.84,âœ… Legitimate
N/A,5,7,9,0,0,1,2,0,2,53.33,4,25.24,âœ… Legitimate
N/A,0,3,223,1,1,3,4,8,2,16.11,13,17.59,âœ… Legitimate
N/A,2,2,59,10,2,0,4,7,0,-82.02,20,51.18,âœ… Legitimate
N/A,3,2,50,18,2,1,20,4,2,90.07,2,23.5,âœ… Legitimate
N/A,5,8,73,15,1,3,3,0,1,51.78,1,27.88,âœ… Legitimate
N/A,4,7,236,2,0,1,1,2,2,41.82,25,84.02,ðŸš¨ Fraudulent
N/A,0,8,243,19,2,1,0,1,2,59.55,7,3.95,âœ… Legitimate
N/A,4,6,119,2,0,3,3,3,0,88.98,13,28.51,âœ… Legitimate
N/A,4,1,206,8,0,1,3,1,2,99.45,10,25.92,âœ… Legitimate
N/A,6,7,191,26,0,2,1,9,0,84.99,3,18.38,âœ… Legitimate
N/A,6,1,187,15,2,0,2,0,1,-4.61,18,19.76,âœ… Legitimate
N/A,2,7,155,2,0,1,1,8,1,29.69,23,50.61,âœ… Legitimate
N/A,4,7,114,4,0,3,1,3,1,-26.07,26,36.04,âœ… Legitimate
N/A,4,1,21,6,1,3,2,3,0,82.73,25,74.33,âœ… Legitimate
N/A,1,3,135,11,1,0,0,8,0,-26.21,18,43.81,âœ… Legitimate
N/A,3,2,85,8,1,1,2,1,0,80.6,6,13.3,âœ… Legitimate
N/A,5,4,125,6,0,2,3,1,1,-6.65,28,40.75,âœ… Legitimate
N/A,6,5,109,11,1,3,4,5,1,-58.41,11,5.45,âœ… Legitimate
N/A,3,8,129,3,2,2,2,1,0,68.63,29,9.59,âœ… Legitimate
N/A,4,2,158,14,2,0,5,9,2,-72.87,1,17.19,âœ… Legitimate
N/A,4,4,68,26,2,0,1,0,0,-64.57,28,19.21,âœ… Legitimate
N/A,2,8,207,6,0,2,0,6,0,11.25,27,48.0,âœ… Legitimate
N/A,2,4,226,12,2,3,1,0,1,-62.93,18,28.24,âœ… Legitimate
N/A,0,5,115,9,1,2,2,7,2,-6.67,12,24.35,âœ… Legitimate
N/A,6,2,40,10,2,0,3,0,2,-75.53,21,39.1,âœ… Legitimate
N/A,0,0,139,18,1,3,2,6,2,-35.42,1,10.31,âœ… Legitimate
N/A,1,5,185,15,1,0,2,5,0,44.83,29,54.91,âœ… Legitimate
N/A,5,5,34,6,0,0,2,5,0,-99.47,8,38.86,âœ… Legitimate
N/A,0,0,206,19,0,2,2,4,0,68.27,26,25.93,âœ… Legitimate
N/A,2,7,177,17,0,2,1,4,2,-84.31,22,58.49,âœ… Legitimate
N/A,0,7,200,23,1,2,3,5,1,-41.93,28,48.16,âœ… Legitimate
N/A,5,3,255,5,0,1,3,0,2,-38.12,24,5.8,âœ… Legitimate
N/A,5,6,14,17,1,0,2,7,1,17.17,15,16.9,âœ… Legitimate
N/A,6,0,206,20,0,1,3,0,0,70.2,28,35.81,âœ… Legitimate
N/A,5,6,163,13,0,3,2,9,2,74.48,2,43.29,âœ… Legitimate
N/A,1,0,248,9,0,0,4,3,0,-59.83,18,7.37,âœ… Legitimate
N/A,1,2,200,7,1,0,0,5,0,-96.44,16,8.67,âœ… Legitimate
N/A,1,2,229,3,1,1,2,3,2,79.85,27,21.88,âœ… Legitimate
N/A,0,2,181,16,2,1,2,9,2,69.86,26,6.79,âœ… Legitimate
N/A,6,4,184,7,0,0,2,6,1,-69.95,4,57.83,âœ… Legitimate
N/A,6,7,272,7,2,3,1,6,2,-43.72,8,6.45,âœ… Legitimate
N/A,1,8,253,6,0,2,4,7,2,-2.96,6,29.77,âœ… Legitimate
N/A,5,0,39,14,2,1,1,4,2,76.2,13,120.76,âœ… Legitimate
N/A,3,5,197,18,0,3,2,3,0,-70.66,16,12.52,âœ… Legitimate
N/A,0,4,252,6,1,3,20,8,2,14.28,6,20.96,âœ… Legitimate
N/A,1,8,61,12,1,2,1,2,0,44.42,12,26.8,âœ… Legitimate
N/A,1,6,118,11,0,0,2,8,1,53.89,23,75.21,âœ… Legitimate
N/A,1,4,228,4,1,3,2,6,2,-29.35,21,31.66,âœ… Legitimate
N/A,1,6,85,21,0,2,3,1,2,-48.63,14,18.27,âœ… Legitimate
N/A,5,4,115,5,0,0,2,0,0,21.26,10,44.13,âœ… Legitimate
N/A,5,4,91,27,2,0,2,2,1,5.4,7,3.82,âœ… Legitimate
N/A,1,5,149,27,1,2,2,4,1,56.54,28,11.99,âœ… Legitimate
N/A,5,0,81,23,1,0,4,3,1,95.39,17,71.55,âœ… Legitimate
N/A,0,2,116,2,2,2,2,3,2,65.28,21,43.9,âœ… Legitimate
N/A,1,2,154,26,2,1,1,8,0,-4.17,19,1.41,âœ… Legitimate
N/A,3,6,178,4,2,0,4,6,0,67.4,10,13.06,âœ… Legitimate
N/A,1,0,23,9,1,3,1,6,2,36.39,16,12.95,âœ… Legitimate
N/A,4,4,27,27,1,1,3,5,1,-29.45,10,12.29,âœ… Legitimate
N/A,2,1,258,26,0,0,2,0,1,32.96,23,17.39,âœ… Legitimate
N/A,1,6,217,5,0,2,4,3,1,-48.69,20,22.68,âœ… Legitimate
N/A,1,1,12,4,1,2,1,3,2,-33.23,19,46.12,âœ… Legitimate
N/A,1,4,75,17,0,3,4,0,1,73.12,17,4.87,âœ… Legitimate
N/A,0,0,175,16,0,1,20,3,0,25.71,26,0.7,âœ… Legitimate
N/A,1,3,141,9,1,2,2,1,0,79.68,27,76.83,âœ… Legitimate
N/A,1,3,217,19,2,2,20,8,1,-47.06,8,16.64,âœ… Legitimate
N/A,2,3,24,16,0,1,2,2,2,-14.1,5,44.33,âœ… Legitimate
N/A,0,8,16,14,0,2,4,9,2,99.25,10,38.33,âœ… Legitimate
N/A,2,4,276,15,1,1,2,8,1,43.48,16,10.3,âœ… Legitimate
N/A,2,7,89,3,1,1,1,2,0,-96.59,7,46.97,âœ… Legitimate
N/A,3,1,156,27,1,2,2,6,2,36.14,5,35.72,âœ… Legitimate
N/A,6,4,29,18,0,1,1,5,0,41.45,25,83.02,âœ… Legitimate
N/A,5,1,256,6,2,1,10,7,0,60.8,9,34.17,âœ… Legitimate
N/A,3,6,43,5,2,1,2,2,0,-92.23,11,26.43,âœ… Legitimate
N/A,3,4,186,3,0,3,1,2,2,-23.59,24,54.08,âœ… Legitimate
N/A,1,3,132,22,0,2,0,5,0,-71.67,16,24.25,âœ… Legitimate
N/A,0,7,3,9,0,2,0,2,1,10.78,17,34.68,âœ… Legitimate
N/A,3,2,74,18,2,3,2,1,0,-17.12,22,48.33,âœ… Legitimate
N/A,2,5,43,7,2,2,4,0,1,-0.32,11,18.18,âœ… Legitimate
N/A,6,3,101,17,0,3,1,0,0,13.18,1,117.1,âœ… Legitimate
N/A,6,8,259,18,0,3,1,6,0,67.28,19,41.81,âœ… Legitimate
N/A,5,8,20,22,0,0,5,3,1,-41.13,21,0.55,âœ… Legitimate
N/A,6,6,202,17,1,3,2,9,2,38.4,26,27.23,âœ… Legitimate
N/A,3,2,154,0,1,0,1,3,2,-33.48,24,82.37,âœ… Legitimate
N/A,5,3,71,8,2,1,3,6,2,3.23,1,85.04,âœ… Legitimate
N/A,3,0,116,11,2,3,0,3,0,81.01,12,96.01,âœ… Legitimate
N/A,0,0,134,13,2,0,1,2,1,-22.77,10,31.9,âœ… Legitimate
N/A,3,7,43,7,0,2,2,8,0,61.14,4,101.31,ðŸš¨ Fraudulent
N/A,2,8,147,24,1,0,1,8,1,93.71,21,41.79,âœ… Legitimate
N/A,1,7,89,21,2,0,1,9,1,40.51,25,81.26,âœ… Legitimate
N/A,2,0,81,24,0,1,1,1,0,-53.2,29,28.44,âœ… Legitimate
N/A,5,1,184,7,1,1,1,1,0,-65.59,15,24.87,âœ… Legitimate
N/A,1,4,96,12,0,2,3,0,0,52.53,19,17.11,âœ… Legitimate
N/A,0,8,39,2,1,2,2,4,1,42.45,15,10.68,âœ… Legitimate
N/A,1,0,270,24,0,3,1,7,0,-95.39,27,26.63,âœ… Legitimate
N/A,6,3,203,16,0,0,3,1,2,-55.07,3,14.16,âœ… Legitimate
N/A,5,5,113,10,1,0,2,5,1,-15.47,6,28.78,âœ… Legitimate
N/A,5,0,173,1,0,2,6,0,1,48.93,18,39.58,âœ… Legitimate
N/A,3,3,100,1,2,0,4,2,2,-63.02,29,23.24,âœ… Legitimate
N/A,6,4,126,16,0,2,0,9,2,33.59,13,37.05,âœ… Legitimate
N/A,1,6,255,14,0,0,1,0,2,4.06,12,52.26,âœ… Legitimate
N/A,6,1,58,2,0,1,2,0,2,18.65,25,18.83,âœ… Legitimate
N/A,1,7,77,10,1,2,1,9,1,-86.56,18,6.91,âœ… Legitimate
N/A,3,0,153,11,1,1,1,6,1,-90.96,9,17.1,âœ… Legitimate
N/A,5,1,62,23,0,3,5,8,1,-4.56,3,35.66,âœ… Legitimate
N/A,5,5,204,2,1,2,1,3,2,-21.72,27,27.35,âœ… Legitimate
N/A,2,0,33,12,2,0,2,2,2,-51.96,8,22.46,âœ… Legitimate
N/A,6,3,207,7,0,1,1,6,1,-72.23,4,31.61,âœ… Legitimate
N/A,6,5,211,8,0,1,4,4,0,20.3,3,20.02,âœ… Legitimate
N/A,3,0,174,17,2,1,2,5,1,33.14,14,57.36,âœ… Legitimate
N/A,5,4,141,22,0,2,2,4,1,45.0,19,15.93,âœ… Legitimate
N/A,2,4,52,24,1,3,2,9,1,28.1,3,45.31,âœ… Legitimate
N/A,6,2,253,10,2,2,3,2,1,18.15,11,10.82,âœ… Legitimate
N/A,5,8,156,26,2,0,2,5,0,-90.83,24,64.91,âœ… Legitimate
N/A,3,1,214,4,1,0,0,8,2,-21.59,7,81.84,âœ… Legitimate
N/A,3,2,159,11,0,2,0,8,2,-7.25,6,66.67,âœ… Legitimate
N/A,2,8,44,11,1,0,0,9,1,-20.58,14,44.56,âœ… Legitimate
N/A,0,3,121,6,1,0,1,9,2,-7.55,29,56.76,âœ… Legitimate
N/A,3,4,234,23,0,0,0,8,1,23.68,20,29.28,âœ… Legitimate
N/A,6,7,167,20,0,3,3,0,2,-62.55,14,26.6,âœ… Legitimate
N/A,6,5,14,1,1,3,1,2,1,8.15,12,67.61,âœ… Legitimate
N/A,4,4,72,19,2,0,10,1,2,-65.76,29,14.37,âœ… Legitimate
N/A,3,6,277,23,1,1,10,4,2,-53.24,7,41.33,âœ… Legitimate
N/A,4,2,39,3,2,1,2,1,1,29.69,14,6.81,âœ… Legitimate
N/A,6,4,120,5,1,0,1,2,2,75.35,20,5.04,âœ… Legitimate
N/A,1,0,189,16,2,0,0,9,1,-15.88,7,69.25,âœ… Legitimate
N/A,6,4,87,25,2,2,1,9,2,-85.88,9,11.85,âœ… Legitimate
N/A,6,7,235,19,1,1,1,2,2,-7.66,25,19.45,âœ… Legitimate
N/A,1,5,206,26,0,2,0,9,2,51.66,8,23.44,âœ… Legitimate
N/A,0,3,277,8,2,1,2,6,1,98.9,3,26.74,âœ… Legitimate
N/A,2,4,146,16,2,1,3,1,0,-92.73,23,14.04,âœ… Legitimate
N/A,6,1,151,1,0,3,0,2,2,-58.02,16,1.55,âœ… Legitimate
N/A,3,0,157,5,1,1,2,8,1,65.08,20,17.25,âœ… Legitimate
N/A,3,1,69,26,1,1,1,2,2,-95.0,26,29.69,âœ… Legitimate
N/A,0,3,217,13,0,0,1,5,2,-63.53,21,53.72,âœ… Legitimate
N/A,1,8,127,2,1,1,2,6,2,-42.16,12,44.25,âœ… Legitimate
N/A,2,0,58,22,1,1,2,2,1,42.36,28,21.23,âœ… Legitimate
N/A,5,2,235,17,1,3,0,3,0,8.02,26,48.1,âœ… Legitimate
N/A,6,8,100,9,0,3,1,0,2,46.16,25,45.14,âœ… Legitimate
N/A,2,1,233,21,2,1,2,9,0,53.72,22,41.17,âœ… Legitimate
N/A,3,7,29,6,0,2,2,6,0,-68.75,3,28.63,âœ… Legitimate
N/A,2,4,249,24,2,1,3,1,0,-31.2,8,22.24,âœ… Legitimate
N/A,6,1,102,17,1,3,5,3,1,17.36,12,76.35,âœ… Legitimate
N/A,3,1,42,27,2,0,3,7,1,-68.72,5,26.91,âœ… Legitimate
N/A,2,2,245,12,2,2,0,8,2,26.39,24,28.33,âœ… Legitimate
N/A,6,5,105,15,0,2,0,4,1,55.97,12,23.48,âœ… Legitimate
N/A,5,6,267,5,2,1,1,8,1,32.34,28,11.73,âœ… Legitimate
N/A,3,8,70,10,2,0,2,8,1,-89.36,10,34.77,âœ… Legitimate
N/A,5,3,28,0,2,3,1,7,1,47.07,2,3.22,âœ… Legitimate
N/A,2,5,199,16,0,3,3,7,0,-19.28,6,20.54,âœ… Legitimate
N/A,2,1,139,2,1,0,1,2,0,68.01,17,20.52,âœ… Legitimate
N/A,6,5,41,15,0,0,0,9,2,49.42,22,28.77,âœ… Legitimate
N/A,2,4,144,14,1,0,1,6,1,-83.99,16,5.47,âœ… Legitimate
N/A,0,5,277,8,2,2,2,4,1,-65.67,17,39.11,âœ… Legitimate
N/A,5,0,43,1,2,0,2,5,1,-47.41,4,10.87,âœ… Legitimate
N/A,2,1,128,23,0,3,1,1,1,71.95,12,27.28,âœ… Legitimate
N/A,1,1,12,12,1,3,7,3,2,93.3,29,7.32,âœ… Legitimate
N/A,6,2,10,5,1,2,10,7,2,-84.63,12,6.38,âœ… Legitimate
N/A,3,8,54,16,0,2,1,8,1,-10.97,9,35.38,âœ… Legitimate
N/A,1,0,161,4,0,1,1,1,1,49.19,5,31.49,âœ… Legitimate
N/A,4,7,156,0,0,2,4,5,2,3.16,26,21.09,âœ… Legitimate
N/A,2,5,4,14,2,3,2,4,2,78.97,1,9.42,âœ… Legitimate
N/A,5,5,66,19,2,3,3,5,0,63.44,21,6.4,âœ… Legitimate
N/A,6,6,209,17,2,1,5,9,2,19.18,3,3.1,âœ… Legitimate
N/A,6,5,274,0,1,2,1,0,2,98.41,21,71.01,âœ… Legitimate
N/A,0,0,117,3,0,3,1,2,0,92.58,29,3.5,âœ… Legitimate
N/A,4,5,176,23,2,1,40,4,1,29.95,22,28.65,âœ… Legitimate
N/A,6,1,102,8,2,3,2,0,0,-58.87,21,67.32,âœ… Legitimate
N/A,5,8,73,22,1,2,1,2,2,33.05,29,3.11,âœ… Legitimate
N/A,3,2,170,1,2,2,1,6,2,-26.32,23,49.29,âœ… Legitimate
N/A,1,5,137,5,2,2,4,2,1,90.78,21,18.16,âœ… Legitimate
N/A,5,3,217,25,0,0,1,3,2,-3.62,28,24.03,âœ… Legitimate
N/A,4,7,97,6,2,0,1,5,1,-69.59,28,16.98,âœ… Legitimate
N/A,0,2,43,10,2,2,2,6,2,89.49,15,15.54,âœ… Legitimate
N/A,3,6,204,17,0,1,10,4,1,-79.82,8,13.96,âœ… Legitimate
N/A,2,2,114,5,0,3,1,0,0,2.06,25,51.33,âœ… Legitimate
N/A,4,1,150,16,0,2,3,4,0,-74.66,17,9.17,âœ… Legitimate
N/A,2,2,230,19,0,1,3,3,1,63.71,26,1.77,âœ… Legitimate
N/A,2,7,249,23,0,3,2,8,2,33.42,9,33.38,âœ… Legitimate
N/A,2,2,8,12,1,3,2,3,0,-26.72,20,46.58,âœ… Legitimate
N/A,6,3,106,6,2,3,1,4,0,-18.91,27,69.95,âœ… Legitimate
N/A,6,5,23,4,1,1,2,7,0,88.05,26,19.64,âœ… Legitimate
N/A,2,7,182,24,0,0,1,2,2,55.51,21,51.57,âœ… Legitimate
N/A,1,0,223,21,2,0,1,4,1,19.88,6,43.81,âœ… Legitimate
N/A,3,3,29,1,2,0,2,2,2,79.47,4,27.66,âœ… Legitimate
N/A,2,1,232,17,2,3,0,9,0,-94.06,15,17.69,âœ… Legitimate
N/A,3,6,182,21,0,0,0,1,1,53.18,13,3.75,âœ… Legitimate
N/A,2,7,142,14,1,3,1,4,0,67.17,8,0.45,âœ… Legitimate
N/A,3,8,200,6,0,0,2,4,0,-28.86,8,5.44,âœ… Legitimate
N/A,1,1,153,4,2,3,2,8,2,48.19,7,46.41,âœ… Legitimate
N/A,6,7,119,14,2,2,2,5,2,28.17,9,4.93,âœ… Legitimate
N/A,1,3,202,10,1,2,5,0,1,9.25,2,19.97,âœ… Legitimate
N/A,5,5,106,0,2,3,1,9,2,-13.41,15,27.93,âœ… Legitimate
N/A,6,3,197,16,1,0,3,6,2,-88.98,23,17.4,âœ… Legitimate
N/A,0,3,7,25,1,0,1,7,0,23.46,5,38.98,âœ… Legitimate
N/A,4,7,160,10,1,0,0,9,0,-89.8,7,37.71,âœ… Legitimate
N/A,0,1,28,10,2,3,20,0,0,8.38,3,23.63,âœ… Legitimate
N/A,2,3,134,11,1,1,7,4,1,-71.15,7,58.66,âœ… Legitimate
N/A,4,1,247,18,1,0,2,6,1,-19.36,25,140.51,âœ… Legitimate
N/A,3,3,56,26,1,1,1,8,1,24.8,3,53.8,âœ… Legitimate
N/A,3,1,27,14,2,2,40,3,1,39.15,23,2.83,âœ… Legitimate
N/A,4,3,57,11,0,1,3,6,1,-82.77,17,13.32,âœ… Legitimate
N/A,3,0,92,13,0,3,10,3,2,13.08,6,31.43,âœ… Legitimate
N/A,5,4,106,20,0,2,10,5,1,86.41,27,38.07,âœ… Legitimate
N/A,3,1,197,7,0,1,5,1,2,-53.65,18,4.62,âœ… Legitimate
N/A,1,2,71,19,1,1,2,2,0,73.44,20,26.43,âœ… Legitimate
N/A,5,4,180,0,2,1,3,3,1,-97.41,14,27.12,âœ… Legitimate
N/A,4,6,27,19,1,1,2,3,2,56.53,10,38.44,âœ… Legitimate
N/A,6,8,134,16,0,1,10,4,2,12.89,13,29.86,âœ… Legitimate
N/A,2,4,111,13,2,0,1,9,0,-25.08,18,0.12,âœ… Legitimate
N/A,0,8,240,20,2,2,10,1,2,4.51,6,28.37,âœ… Legitimate
N/A,3,0,263,26,0,0,0,4,1,-97.38,9,43.19,âœ… Legitimate
N/A,6,2,0,14,2,0,2,5,0,17.24,13,41.12,âœ… Legitimate
N/A,6,2,268,2,2,2,30,0,1,61.55,27,57.2,âœ… Legitimate
N/A,2,4,192,0,0,0,0,1,2,88.49,25,12.58,âœ… Legitimate
N/A,1,7,27,4,1,0,3,5,2,83.76,1,26.72,âœ… Legitimate
N/A,4,5,92,16,2,1,30,1,0,-41.69,1,27.9,âœ… Legitimate
N/A,3,6,136,3,1,2,0,8,2,-80.6,20,12.01,âœ… Legitimate
N/A,4,6,56,6,2,3,3,1,1,41.27,2,26.52,âœ… Legitimate
N/A,3,7,254,1,1,3,1,7,1,-46.65,29,64.31,âœ… Legitimate
N/A,6,4,176,22,1,3,1,4,0,-40.34,23,9.69,âœ… Legitimate
N/A,1,7,220,11,0,1,2,8,2,36.95,21,68.42,âœ… Legitimate
N/A,6,1,158,15,1,2,3,3,1,80.91,7,52.0,âœ… Legitimate
N/A,6,5,110,8,1,0,3,7,2,75.41,27,34.8,âœ… Legitimate
N/A,0,5,255,1,1,2,1,1,0,40.79,18,29.35,âœ… Legitimate
N/A,5,4,189,22,2,2,4,1,2,-86.71,9,21.9,âœ… Legitimate
N/A,0,8,138,24,1,2,2,6,2,82.89,5,17.62,âœ… Legitimate
N/A,2,4,144,22,1,1,5,1,1,37.2,20,4.94,âœ… Legitimate
N/A,0,8,194,24,1,3,2,0,1,-87.78,5,6.58,âœ… Legitimate
N/A,5,4,184,12,1,0,2,0,2,-72.77,4,30.24,âœ… Legitimate
N/A,3,6,16,5,2,3,3,1,2,73.64,15,2.0,âœ… Legitimate
N/A,6,6,168,22,1,3,3,2,2,-73.75,16,32.39,âœ… Legitimate
N/A,2,0,27,11,2,1,2,0,0,54.98,18,25.48,âœ… Legitimate
N/A,4,5,19,17,1,3,0,0,2,-52.43,16,15.54,âœ… Legitimate
N/A,1,1,81,3,1,0,2,3,2,78.83,8,5.14,âœ… Legitimate
N/A,4,7,196,3,2,3,0,6,2,-42.88,11,26.55,âœ… Legitimate
N/A,1,3,13,23,2,2,1,5,1,75.79,27,28.11,âœ… Legitimate
N/A,1,3,29,9,1,2,4,5,1,8.17,7,8.56,âœ… Legitimate
N/A,3,0,177,13,0,3,20,6,1,10.83,16,31.53,âœ… Legitimate
N/A,5,3,214,9,2,0,0,4,1,-0.27,11,5.43,âœ… Legitimate
N/A,4,2,270,15,2,2,3,8,2,39.56,28,21.07,âœ… Legitimate
N/A,0,2,64,12,1,0,0,7,0,-3.26,6,70.27,âœ… Legitimate
N/A,5,6,216,1,0,2,4,4,2,79.39,25,12.71,âœ… Legitimate
N/A,1,7,179,4,2,1,2,0,0,-17.35,3,47.56,âœ… Legitimate
N/A,2,3,5,10,1,0,5,4,0,40.26,19,138.35,ðŸš¨ Fraudulent
N/A,4,4,186,27,0,0,2,3,2,-56.1,11,21.46,âœ… Legitimate
N/A,2,1,9,8,2,1,1,3,1,-69.56,20,173.66,âœ… Legitimate
N/A,5,3,133,10,0,1,2,3,1,71.8,12,11.44,âœ… Legitimate
N/A,3,8,53,13,2,2,1,9,0,81.78,14,3.65,âœ… Legitimate
N/A,2,1,40,16,1,3,3,5,2,39.31,8,29.07,âœ… Legitimate
N/A,0,2,199,24,2,3,2,6,1,33.81,22,17.46,âœ… Legitimate
N/A,6,4,84,8,1,0,1,7,2,-91.52,3,1.95,âœ… Legitimate
N/A,1,7,114,21,2,3,5,3,0,-31.13,25,56.25,âœ… Legitimate
N/A,3,7,41,15,0,0,3,4,0,83.31,5,37.14,âœ… Legitimate
N/A,6,2,146,14,2,0,10,2,2,-52.62,12,12.95,âœ… Legitimate
N/A,5,2,45,4,2,0,1,3,1,-94.07,18,161.84,âœ… Legitimate
N/A,4,6,77,10,2,0,0,1,2,-89.07,28,26.72,âœ… Legitimate
N/A,0,4,195,17,2,2,2,7,2,-72.77,15,40.87,âœ… Legitimate
N/A,6,0,272,26,0,3,1,3,2,98.66,14,20.7,âœ… Legitimate
N/A,5,6,103,16,0,2,3,8,1,51.14,5,8.34,âœ… Legitimate
N/A,0,5,280,11,0,3,2,1,1,52.65,16,26.09,âœ… Legitimate
N/A,3,3,193,24,0,3,2,0,0,-6.79,14,33.92,âœ… Legitimate
N/A,4,3,120,21,0,0,1,4,1,-30.86,18,52.44,âœ… Legitimate
N/A,5,1,105,20,0,0,0,4,1,30.19,2,8.91,âœ… Legitimate
N/A,0,7,229,16,0,0,4,4,1,-16.22,28,0.53,âœ… Legitimate
N/A,3,5,55,7,0,0,2,6,1,2.62,22,24.29,âœ… Legitimate
N/A,2,7,120,15,2,1,1,7,1,-6.73,26,24.34,âœ… Legitimate
N/A,6,7,15,3,2,0,2,8,2,87.76,16,37.84,âœ… Legitimate
N/A,1,6,90,4,0,1,1,3,2,24.5,4,14.09,âœ… Legitimate
N/A,2,2,118,17,2,1,3,4,0,0.21,17,11.49,âœ… Legitimate
N/A,2,5,138,13,1,1,30,5,2,-71.08,17,39.44,âœ… Legitimate
N/A,2,5,91,13,2,1,1,1,1,-11.02,26,16.56,âœ… Legitimate
N/A,5,2,72,25,0,2,0,7,2,26.94,18,23.01,âœ… Legitimate
N/A,0,7,91,14,0,3,2,3,2,70.17,12,13.4,âœ… Legitimate
N/A,1,8,98,8,0,0,1,9,2,-3.7,24,51.7,âœ… Legitimate
N/A,1,0,148,0,0,1,2,1,2,-9.8,10,28.2,âœ… Legitimate
N/A,2,6,213,21,2,2,1,1,2,-93.58,1,20.05,âœ… Legitimate
N/A,3,4,221,11,2,3,3,3,2,38.38,9,9.61,âœ… Legitimate
N/A,0,8,77,14,2,1,30,2,1,-52.52,23,16.68,âœ… Legitimate
N/A,2,2,114,11,0,2,2,4,1,-79.13,20,35.65,âœ… Legitimate
N/A,6,5,189,26,0,1,4,4,1,-12.78,23,55.15,âœ… Legitimate
N/A,5,5,156,0,1,2,0,2,2,-83.72,5,18.78,âœ… Legitimate
N/A,4,7,258,27,1,2,30,0,2,33.66,18,9.04,âœ… Legitimate
N/A,4,1,68,4,0,2,0,2,1,-12.72,1,30.88,âœ… Legitimate
N/A,6,1,246,27,1,3,1,9,0,70.6,7,39.23,âœ… Legitimate
N/A,2,5,1,12,0,3,1,0,2,89.12,22,37.53,âœ… Legitimate
N/A,4,7,279,8,2,3,3,6,2,32.04,26,29.48,âœ… Legitimate
N/A,0,4,58,26,1,1,2,9,1,-11.45,25,33.0,âœ… Legitimate
N/A,0,2,164,25,2,3,4,4,1,-45.92,20,23.66,âœ… Legitimate
N/A,3,7,131,8,0,0,0,2,1,12.27,24,48.99,âœ… Legitimate
N/A,4,1,189,21,1,0,4,9,2,69.26,24,5.38,âœ… Legitimate
N/A,3,7,63,6,2,0,3,7,1,66.29,19,14.88,âœ… Legitimate
N/A,2,0,128,11,1,2,4,1,1,-71.68,11,35.35,âœ… Legitimate
N/A,4,7,173,19,1,1,2,9,2,74.89,10,27.41,âœ… Legitimate
N/A,4,8,269,17,2,2,1,8,0,-96.52,19,23.29,âœ… Legitimate
N/A,2,6,231,0,2,1,1,2,0,89.39,18,26.55,âœ… Legitimate
N/A,0,2,163,25,2,3,3,2,0,-20.61,15,23.94,âœ… Legitimate
N/A,4,4,97,16,0,2,2,9,2,-86.29,23,46.07,âœ… Legitimate
N/A,0,5,200,18,0,3,3,6,1,38.59,24,37.37,âœ… Legitimate
N/A,5,7,209,7,2,3,1,1,2,-90.5,24,10.66,âœ… Legitimate
N/A,6,6,130,14,2,2,2,9,1,14.57,7,16.9,âœ… Legitimate
N/A,1,6,215,10,1,0,3,7,2,43.39,25,18.65,âœ… Legitimate
N/A,4,3,44,20,0,0,0,4,1,1.38,27,13.73,âœ… Legitimate
N/A,0,8,159,21,1,1,3,8,2,-10.03,23,12.37,âœ… Legitimate
N/A,1,8,75,14,1,1,1,2,1,79.0,27,7.85,âœ… Legitimate
N/A,2,3,182,18,2,1,1,9,0,-72.61,18,162.97,âœ… Legitimate
N/A,6,3,241,19,0,3,0,2,2,22.84,12,8.78,âœ… Legitimate
N/A,3,2,24,3,1,1,0,2,2,-3.03,13,5.99,âœ… Legitimate
N/A,6,6,268,25,2,2,0,6,0,-59.21,19,52.28,âœ… Legitimate
N/A,4,2,246,23,1,2,1,5,2,46.43,29,58.13,âœ… Legitimate
N/A,1,1,28,16,2,1,2,8,2,-36.82,15,24.77,âœ… Legitimate
N/A,1,5,32,26,1,2,1,6,0,9.12,28,3.05,âœ… Legitimate
N/A,3,8,28,15,0,3,2,7,1,63.91,29,171.73,âœ… Legitimate
N/A,6,2,100,26,2,2,0,4,1,-78.79,16,1.79,âœ… Legitimate
N/A,3,5,91,19,0,2,2,7,0,-22.41,25,22.88,âœ… Legitimate
N/A,4,8,141,7,0,3,4,1,2,-74.0,17,57.72,âœ… Legitimate
N/A,2,0,258,22,1,1,4,9,2,95.71,8,39.16,âœ… Legitimate
N/A,6,0,264,1,2,1,1,9,1,-9.38,6,39.63,âœ… Legitimate
N/A,3,1,279,1,0,3,0,5,0,11.38,7,66.25,âœ… Legitimate
N/A,5,2,280,5,0,2,4,4,1,75.18,1,18.57,âœ… Legitimate
N/A,3,8,30,23,2,3,2,9,2,10.66,21,28.95,âœ… Legitimate
N/A,4,6,63,7,1,3,1,5,0,5.5,14,21.04,âœ… Legitimate
N/A,0,6,76,8,2,0,10,1,1,-44.69,7,68.73,âœ… Legitimate
N/A,6,4,168,25,0,2,2,7,1,-13.77,8,45.67,âœ… Legitimate
N/A,1,7,142,25,2,0,2,2,2,38.97,16,34.3,âœ… Legitimate
N/A,0,7,46,1,2,1,1,2,0,61.29,10,10.69,âœ… Legitimate
N/A,3,7,74,14,0,2,3,3,1,70.86,16,35.32,âœ… Legitimate
N/A,1,6,182,19,2,3,4,2,0,-4.33,13,38.7,âœ… Legitimate
N/A,4,7,57,22,0,1,2,5,1,34.21,20,39.11,âœ… Legitimate
N/A,1,6,84,13,0,2,2,5,1,-74.35,19,33.45,âœ… Legitimate
N/A,6,4,235,4,2,2,3,3,2,1.85,28,56.53,âœ… Legitimate
N/A,3,8,103,19,0,1,1,1,2,72.89,5,4.7,âœ… Legitimate
N/A,3,7,158,12,0,3,0,6,1,41.19,21,26.01,âœ… Legitimate
N/A,3,7,107,24,0,3,3,8,1,-36.99,18,8.83,âœ… Legitimate
N/A,1,2,234,17,2,1,1,4,1,-45.47,18,20.21,âœ… Legitimate
N/A,0,0,169,23,1,0,0,0,2,34.3,9,151.22,ðŸš¨ Fraudulent
N/A,5,5,94,26,1,1,2,0,1,36.07,18,46.73,âœ… Legitimate
N/A,4,2,239,4,0,1,2,5,1,-46.03,19,7.45,âœ… Legitimate
N/A,6,4,223,9,0,0,1,8,2,95.96,12,51.3,âœ… Legitimate
N/A,2,5,239,21,0,3,2,5,2,99.27,14,14.75,âœ… Legitimate
N/A,4,1,28,20,0,1,3,6,0,79.94,8,63.46,âœ… Legitimate
N/A,6,0,202,22,1,0,1,4,0,3.14,24,35.79,âœ… Legitimate
N/A,2,1,140,23,0,2,3,1,0,-8.21,6,10.41,âœ… Legitimate
N/A,2,6,6,15,1,1,0,2,1,70.91,9,19.51,âœ… Legitimate
N/A,1,5,161,16,2,0,3,6,2,72.82,14,33.18,âœ… Legitimate
N/A,4,1,36,18,2,0,5,6,0,-90.11,22,101.65,âœ… Legitimate
N/A,2,3,280,25,2,0,2,4,2,28.48,2,5.57,âœ… Legitimate
N/A,1,2,51,15,0,3,4,4,2,28.74,28,37.38,âœ… Legitimate
N/A,6,1,130,25,1,2,0,5,1,-43.14,13,24.64,âœ… Legitimate
N/A,3,8,26,2,2,2,2,0,0,29.94,10,13.77,âœ… Legitimate
N/A,5,7,239,23,0,1,1,9,1,56.57,19,45.2,âœ… Legitimate
N/A,4,6,42,1,2,0,40,7,2,-21.49,12,5.61,âœ… Legitimate
N/A,0,1,275,2,0,3,2,9,1,-40.81,11,2.06,âœ… Legitimate
N/A,1,0,267,10,1,3,3,3,0,77.23,22,14.96,âœ… Legitimate
N/A,4,8,259,14,2,0,2,4,1,4.7,19,11.81,âœ… Legitimate
N/A,5,3,12,16,2,1,10,8,0,44.31,22,38.95,âœ… Legitimate
N/A,3,7,242,25,1,3,4,6,1,61.21,26,25.08,âœ… Legitimate
N/A,0,2,31,9,2,2,2,3,2,16.2,26,39.77,âœ… Legitimate
N/A,3,7,25,10,1,1,2,0,0,96.36,26,2.4,âœ… Legitimate
N/A,4,4,81,16,0,2,5,4,1,-45.76,7,4.71,âœ… Legitimate
N/A,1,5,86,22,0,1,1,4,0,-68.74,26,10.94,âœ… Legitimate
N/A,5,8,146,2,2,0,5,4,0,92.1,29,0.47,âœ… Legitimate
N/A,1,4,234,20,0,3,3,5,0,25.35,11,35.0,âœ… Legitimate
N/A,4,2,262,27,0,1,0,7,1,-43.29,17,22.61,âœ… Legitimate
N/A,1,2,24,13,0,3,30,9,2,-8.19,28,1.24,âœ… Legitimate
N/A,0,7,183,13,2,0,30,9,0,10.39,27,14.65,âœ… Legitimate
N/A,0,4,23,10,0,3,0,3,0,75.17,7,13.41,âœ… Legitimate
N/A,3,6,35,0,0,2,2,0,0,47.03,2,261.14,âœ… Legitimate
N/A,6,3,259,2,0,0,1,8,2,-39.96,6,19.84,âœ… Legitimate
N/A,6,0,11,27,1,3,1,8,0,-12.72,14,25.65,âœ… Legitimate
N/A,0,1,122,26,0,1,2,1,0,6.07,1,16.38,âœ… Legitimate
N/A,4,0,148,21,1,2,4,5,2,-22.29,11,39.39,âœ… Legitimate
N/A,0,0,103,16,1,3,1,4,1,1.83,11,40.74,âœ… Legitimate
N/A,3,6,200,3,1,0,1,0,0,58.53,8,12.85,âœ… Legitimate
N/A,0,2,213,8,2,0,2,3,0,-6.57,28,35.9,âœ… Legitimate
N/A,6,6,88,19,2,0,4,1,0,-11.69,14,31.12,âœ… Legitimate
N/A,1,7,57,11,1,0,2,5,0,77.85,12,54.44,âœ… Legitimate
N/A,6,4,210,22,1,2,30,7,1,17.44,6,33.53,âœ… Legitimate
N/A,3,5,170,4,2,1,1,4,2,-29.78,21,27.17,âœ… Legitimate
N/A,1,3,222,6,1,0,4,7,0,76.43,1,10.36,âœ… Legitimate
N/A,4,0,210,9,1,0,2,4,2,-8.28,26,29.82,âœ… Legitimate
N/A,4,0,190,24,2,2,5,9,1,-20.47,16,53.53,âœ… Legitimate
N/A,0,6,251,21,0,0,4,7,2,-16.91,25,38.07,âœ… Legitimate
N/A,4,8,195,2,1,0,2,4,2,-77.42,9,1.99,âœ… Legitimate
N/A,3,1,93,0,0,1,5,3,2,-88.46,25,15.22,âœ… Legitimate
N/A,0,5,205,17,1,0,1,2,1,-0.9,1,56.7,âœ… Legitimate
N/A,2,2,241,3,2,2,2,0,0,77.8,28,22.87,âœ… Legitimate
N/A,1,4,110,2,2,3,4,8,0,14.0,25,28.27,âœ… Legitimate
N/A,4,5,24,24,2,2,10,5,1,-33.38,28,26.26,âœ… Legitimate
N/A,1,5,174,1,1,0,1,5,2,-44.37,19,6.02,âœ… Legitimate
N/A,0,1,277,12,1,2,2,4,0,-57.29,12,17.12,âœ… Legitimate
N/A,0,3,111,2,0,3,2,0,0,-11.94,26,50.6,âœ… Legitimate
